{
  "FR": [-1.763023, 46.61980, 5.4],
  "RU": [79.91816, 67.92476, 2.5],
  "US": [-101.25771, 38.60242, 3.7],
  "NL": [4.52205, 52.15865,7],
  "NZ": [168.51910, -41.31745, 5],
  "NO": [9.16038, 65.52077, 4],
  "CN": [98.72500, 37.60359, 3.5],
  "CA": [-115.77066, 55.02778, 3]
}
