{
  "FR": [2.76573,46.12146,5],
  "US": [-98.02657,39.08618,3]
}