{
  "FR": [2.76573,46.12146,5],
  "RU": [101.40345,62.46731,2],
  "US": [-98.02657,39.08618,3],
  "NL": [5.99229,52.29847,6],
  "NZ": [176.13916,-42.89373,4],
  "NO": [17.21059,64.45859,4],
  "CN": [106.61157, 36.25155, 3.5]
}
